,Commodity Code,Commodity Title,Class Code,Class Title,Family Code,Family Title,Segment Code,Segment Title
193,21102501,Irrigation trickles,21102500,Irrigation systems and equipment,21100000,Agricultural and forestry and landscape machinery and equipment,21000000,Farming and Fishing and Forestry and Wildlife Machinery and Accessories
194,21102502,Irrigation overheads,21102500,Irrigation systems and equipment,21100000,Agricultural and forestry and landscape machinery and equipment,21000000,Farming and Fishing and Forestry and Wildlife Machinery and Accessories
413,23181510,Meat tyer or bagger,23181500,Food preparation machinery,23180000,Industrial food and beverage equipment,23000000,Industrial Manufacturing and Processing Machinery and Accessories
532,23251812,Industrial threading die,23251800,Metal forming dies and tooling,23250000,Metal forming machinery and accessories,23000000,Industrial Manufacturing and Processing Machinery and Accessories
683,24113101,Mail box,24113100,Boxes,24110000,Containers and storage,24000000,Material Handling and Conditioning and Storage Machinery and their Accessories and Supplies
710,25101704,Fire fighting pump truck,25101700,Safety and rescue vehicles,25100000,Motor vehicles,25000000,Commercial and Military and Private Vehicles and their Accessories and Components
711,25101705,Fire fighting water tank truck,25101700,Safety and rescue vehicles,25100000,Motor vehicles,25000000,Commercial and Military and Private Vehicles and their Accessories and Components
712,25101706,Fire fighting chemical truck,25101700,Safety and rescue vehicles,25100000,Motor vehicles,25000000,Commercial and Military and Private Vehicles and their Accessories and Components
713,25101707,Fire fighting ladder truck,25101700,Safety and rescue vehicles,25100000,Motor vehicles,25000000,Commercial and Military and Private Vehicles and their Accessories and Components
714,25101708,Rescue truck,25101700,Safety and rescue vehicles,25100000,Motor vehicles,25000000,Commercial and Military and Private Vehicles and their Accessories and Components
715,25101714,Armored recovery vehicle,25101700,Safety and rescue vehicles,25100000,Motor vehicles,25000000,Commercial and Military and Private Vehicles and their Accessories and Components
884,26101503,Gasoline engines,26101500,Engines,26100000,Power sources,26000000,Power Generation and Distribution Machinery and Accessories
1203,27112805,Threading die hand tool,27112800,Tool attachments and accessories,27110000,Hand tools,27000000,Tools and General Machinery
1321,31162811,Shaft collar,31162800,Miscellaneous hardware,31160000,Hardware,31000000,Manufacturing Components and Supplies
1717,41104138,Blood collection needle holders,41104100,Specimen collection and transport containers and supplies,41100000,Laboratory and scientific equipment,41000000,Laboratory and Measuring and Observing and Testing Equipment
1789,41105505,High throughput screening HTS systems in nucleic acid purification,41105500,Nucleic acid DNA and RNA extraction and purification and quantitation kits and components,41100000,Laboratory and scientific equipment,41000000,Laboratory and Measuring and Observing and Testing Equipment
1798,41106801,Cleanroom certified apparel,41106800,Cleanroom certified supplies,41100000,Laboratory and scientific equipment,41000000,Laboratory and Measuring and Observing and Testing Equipment
1977,41112701,Grain analyzers,41112700,Laboratory seed and feed testing equipment,41110000,Measuring and observing and testing instruments,41000000,Laboratory and Measuring and Observing and Testing Equipment
2162,41115309,Lux or light meter,41115300,Light and wave generating and measuring equipment,41110000,Measuring and observing and testing instruments,41000000,Laboratory and Measuring and Observing and Testing Equipment
2164,41115311,Photometer,41115300,Light and wave generating and measuring equipment,41110000,Measuring and observing and testing instruments,41000000,Laboratory and Measuring and Observing and Testing Equipment
2237,41116209,Blood coagulation multiparameter monitor or meter,41116200,Patient point of care testing supplies and equipment,41110000,Measuring and observing and testing instruments,41000000,Laboratory and Measuring and Observing and Testing Equipment
2304,42121507,Veterinary injection or suction unit,42121500,Veterinary equipment,42120000,Veterinary equipment and supplies,42000000,Medical Equipment and Accessories and Supplies
2310,42121801,Veterinary artificial inseminating machine,42121800,Veterinary artificial insemination equipment and supplies,42120000,Veterinary equipment and supplies,42000000,Medical Equipment and Accessories and Supplies
2311,42121802,Veterinary semen collection instruments,42121800,Veterinary artificial insemination equipment and supplies,42120000,Veterinary equipment and supplies,42000000,Medical Equipment and Accessories and Supplies
2312,42121804,Veterinary semen packaging instruments,42121800,Veterinary artificial insemination equipment and supplies,42120000,Veterinary equipment and supplies,42000000,Medical Equipment and Accessories and Supplies
2315,42131612,Medical staff isolation or cover gowns,42131600,Medical staff clothing and related articles,42130000,Medical apparel and textiles,42000000,Medical Equipment and Accessories and Supplies
2317,42131707,Surgical isolation suit or helmet or shield,42131700,Surgical textiles,42130000,Medical apparel and textiles,42000000,Medical Equipment and Accessories and Supplies
2318,42131713,Surgical isolation or surgical masks,42131700,Surgical textiles,42130000,Medical apparel and textiles,42000000,Medical Equipment and Accessories and Supplies
2319,42131719,Surgical surgeon caps or hoods,42131700,Surgical textiles,42130000,Medical apparel and textiles,42000000,Medical Equipment and Accessories and Supplies
2322,42141602,Bedpans,42141600,Basins and bedpans and urinals and admission kits,42140000,Patient care and treatment products and supplies,42000000,Medical Equipment and Accessories and Supplies
2323,42141607,Patient urinals,42141600,Basins and bedpans and urinals and admission kits,42140000,Patient care and treatment products and supplies,42000000,Medical Equipment and Accessories and Supplies
2329,42141806,Diathermy units,42141800,Electrotherapy equipment,42140000,Patient care and treatment products and supplies,42000000,Medical Equipment and Accessories and Supplies
2332,42141813,Electroconvulsive devices,42141800,Electrotherapy equipment,42140000,Patient care and treatment products and supplies,42000000,Medical Equipment and Accessories and Supplies
2333,42141815,High frequency electromagnetic wave stimulators,42141800,Electrotherapy equipment,42140000,Patient care and treatment products and supplies,42000000,Medical Equipment and Accessories and Supplies
2334,42141817,Magnetotherapy pulse stimulators,42141800,Electrotherapy equipment,42140000,Patient care and treatment products and supplies,42000000,Medical Equipment and Accessories and Supplies
2335,42141903,Enema kits,42141900,Enema administration supplies,42140000,Patient care and treatment products and supplies,42000000,Medical Equipment and Accessories and Supplies
2336,42142103,Medical heat lamps,42142100,Heat and cold therapy products,42140000,Patient care and treatment products and supplies,42000000,Medical Equipment and Accessories and Supplies
2337,42142104,Medical hydrocollators,42142100,Heat and cold therapy products,42140000,Patient care and treatment products and supplies,42000000,Medical Equipment and Accessories and Supplies
2340,42142107,Therapeutic cryo compression therapy systems,42142100,Heat and cold therapy products,42140000,Patient care and treatment products and supplies,42000000,Medical Equipment and Accessories and Supplies
2343,42142112,Therapeutic paraffin baths,42142100,Heat and cold therapy products,42140000,Patient care and treatment products and supplies,42000000,Medical Equipment and Accessories and Supplies
2344,42142121,Moist steam cabinets,42142100,Heat and cold therapy products,42140000,Patient care and treatment products and supplies,42000000,Medical Equipment and Accessories and Supplies
2348,42142302,Medical paper charting systems,42142300,Medical documentation products,42140000,Patient care and treatment products and supplies,42000000,Medical Equipment and Accessories and Supplies
2352,42142518,Biopsy aspirator products,42142500,Injection and aspiration needles and accessories,42140000,Patient care and treatment products and supplies,42000000,Medical Equipment and Accessories and Supplies
2354,42142520,Dispensing pins or needles,42142500,Injection and aspiration needles and accessories,42140000,Patient care and treatment products and supplies,42000000,Medical Equipment and Accessories and Supplies
2355,42142521,Blood collection needles,42142500,Injection and aspiration needles and accessories,42140000,Patient care and treatment products and supplies,42000000,Medical Equipment and Accessories and Supplies
2357,42142532,Pericardiocentesis needles or kits,42142500,Injection and aspiration needles and accessories,42140000,Patient care and treatment products and supplies,42000000,Medical Equipment and Accessories and Supplies
2358,42142535,Anesthesia nerve block kit or tray,42142500,Injection and aspiration needles and accessories,42140000,Patient care and treatment products and supplies,42000000,Medical Equipment and Accessories and Supplies
2359,42142537,Thoracentesis sets or trays,42142500,Injection and aspiration needles and accessories,42140000,Patient care and treatment products and supplies,42000000,Medical Equipment and Accessories and Supplies
2360,42142547,Winged infusion needle set,42142500,Injection and aspiration needles and accessories,42140000,Patient care and treatment products and supplies,42000000,Medical Equipment and Accessories and Supplies
2363,42142608,Medical syringes without needle,42142600,Syringes and accessories,42140000,Patient care and treatment products and supplies,42000000,Medical Equipment and Accessories and Supplies
2364,42142609,Medical syringes with needle,42142600,Syringes and accessories,42140000,Patient care and treatment products and supplies,42000000,Medical Equipment and Accessories and Supplies
2365,42142610,Oral or enteral liquid medication syringe,42142600,Syringes and accessories,42140000,Patient care and treatment products and supplies,42000000,Medical Equipment and Accessories and Supplies
2367,42142614,Hypodermic injection apparatus,42142600,Syringes and accessories,42140000,Patient care and treatment products and supplies,42000000,Medical Equipment and Accessories and Supplies
2372,42142715,Urinary catheterization kits,42142700,Urological supplies,42140000,Patient care and treatment products and supplies,42000000,Medical Equipment and Accessories and Supplies
2373,42142719,Urethrotomes,42142700,Urological supplies,42140000,Patient care and treatment products and supplies,42000000,Medical Equipment and Accessories and Supplies
2377,42143101,Intrauterine catheters or catheterization kits,42143100,Obstetrics and gynecology equipment and supplies,42140000,Patient care and treatment products and supplies,42000000,Medical Equipment and Accessories and Supplies
2378,42143102,Uterine devices,42143100,Obstetrics and gynecology equipment and supplies,42140000,Patient care and treatment products and supplies,42000000,Medical Equipment and Accessories and Supplies
2379,42143120,Acute care fetal or maternal monitoring units,42143100,Obstetrics and gynecology equipment and supplies,42140000,Patient care and treatment products and supplies,42000000,Medical Equipment and Accessories and Supplies
2380,42143513,Otological instruments,42143500,Ear nose and throat ENT treatment products and accessories,42140000,Patient care and treatment products and supplies,42000000,Medical Equipment and Accessories and Supplies
2384,42143605,Restraint straps or buckles or supplies,42143600,Restraints and accessories,42140000,Patient care and treatment products and supplies,42000000,Medical Equipment and Accessories and Supplies
2386,42143607,Patient motion sensors or alarms,42143600,Restraints and accessories,42140000,Patient care and treatment products and supplies,42000000,Medical Equipment and Accessories and Supplies
2387,42143608,Patient stabilization or fall prevention devices,42143600,Restraints and accessories,42140000,Patient care and treatment products and supplies,42000000,Medical Equipment and Accessories and Supplies
2388,42143609,Patient restraint boards,42143600,Restraints and accessories,42140000,Patient care and treatment products and supplies,42000000,Medical Equipment and Accessories and Supplies
2389,42143709,Visible light radiators,42143700,Phototherapy systems and accessories,42140000,Patient care and treatment products and supplies,42000000,Medical Equipment and Accessories and Supplies
2390,42144101,Pleural cavity drainage units or containers,42144100,Pleural cavity drain products,42140000,Patient care and treatment products and supplies,42000000,Medical Equipment and Accessories and Supplies
2391,42144102,Chest tubes,42144100,Pleural cavity drain products,42140000,Patient care and treatment products and supplies,42000000,Medical Equipment and Accessories and Supplies
2392,42144103,Chest tube kits,42144100,Pleural cavity drain products,42140000,Patient care and treatment products and supplies,42000000,Medical Equipment and Accessories and Supplies
2393,42144201,Acupuncture needles,42144200,Acupuncture equipment,42140000,Patient care and treatment products and supplies,42000000,Medical Equipment and Accessories and Supplies
2394,42144202,Acupuncture magnet pellets or seeds,42144200,Acupuncture equipment,42140000,Patient care and treatment products and supplies,42000000,Medical Equipment and Accessories and Supplies
2395,42151501,Cosmetic dentistry curing lights,42151500,Cosmetic dentistry equipment and supplies,42150000,Dental equipment and supplies,42000000,Medical Equipment and Accessories and Supplies
2400,42151606,Dental carvers,42151600,Dental and subspecialty instruments and devices,42150000,Dental equipment and supplies,42000000,Medical Equipment and Accessories and Supplies
2407,42151617,Dental drills,42151600,Dental and subspecialty instruments and devices,42150000,Dental equipment and supplies,42000000,Medical Equipment and Accessories and Supplies
2413,42151624,Dental handpieces,42151600,Dental and subspecialty instruments and devices,42150000,Dental equipment and supplies,42000000,Medical Equipment and Accessories and Supplies
2417,42151631,Dental probes or explorers,42151600,Dental and subspecialty instruments and devices,42150000,Dental equipment and supplies,42000000,Medical Equipment and Accessories and Supplies
2420,42151635,Dental saliva ejectors or oral suction devices,42151600,Dental and subspecialty instruments and devices,42150000,Dental equipment and supplies,42000000,Medical Equipment and Accessories and Supplies
2421,42151636,Dental scalers,42151600,Dental and subspecialty instruments and devices,42150000,Dental equipment and supplies,42000000,Medical Equipment and Accessories and Supplies
2427,42151644,Dental mouth prop or bite block or gag,42151600,Dental and subspecialty instruments and devices,42150000,Dental equipment and supplies,42000000,Medical Equipment and Accessories and Supplies
2437,42151701,Dental examination chairs,42151700,Dental clinical furniture,42150000,Dental equipment and supplies,42000000,Medical Equipment and Accessories and Supplies
2438,42151705,Dental procedure combination furniture or sets,42151700,Dental clinical furniture,42150000,Dental equipment and supplies,42000000,Medical Equipment and Accessories and Supplies
2439,42151802,Dental material pluggers or tips,42151800,Dental fillers and finishing and polishing supplies,42150000,Dental equipment and supplies,42000000,Medical Equipment and Accessories and Supplies
2444,42151910,Teeth cleaning devices,42151900,Dental hygiene and preventive care equipment and supplies,42150000,Dental equipment and supplies,42000000,Medical Equipment and Accessories and Supplies
2445,42152002,Dental x-ray bite blocks or wings or tabs,42152000,Dental imaging equipment and supplies,42150000,Dental equipment and supplies,42000000,Medical Equipment and Accessories and Supplies
2448,42152010,Dental radiology films,42152000,Dental imaging equipment and supplies,42150000,Dental equipment and supplies,42000000,Medical Equipment and Accessories and Supplies
2453,42152108,Dental impression material syringes,42152100,Dental impression and forming equipment and supplies,42150000,Dental equipment and supplies,42000000,Medical Equipment and Accessories and Supplies
2454,42152109,Dental impression material water baths,42152100,Dental impression and forming equipment and supplies,42150000,Dental equipment and supplies,42000000,Medical Equipment and Accessories and Supplies
2458,42152204,Dental laboratory casting machines,42152200,Dental laboratory and sterilization equipment and supplies,42150000,Dental equipment and supplies,42000000,Medical Equipment and Accessories and Supplies
2463,42152210,Dental laboratory gold platers,42152200,Dental laboratory and sterilization equipment and supplies,42150000,Dental equipment and supplies,42000000,Medical Equipment and Accessories and Supplies
2464,42152211,Dental laboratory lathes,42152200,Dental laboratory and sterilization equipment and supplies,42150000,Dental equipment and supplies,42000000,Medical Equipment and Accessories and Supplies
2465,42152212,Dental laboratory model trimmers,42152200,Dental laboratory and sterilization equipment and supplies,42150000,Dental equipment and supplies,42000000,Medical Equipment and Accessories and Supplies
2467,42152215,Dental laboratory sandblasters,42152200,Dental laboratory and sterilization equipment and supplies,42150000,Dental equipment and supplies,42000000,Medical Equipment and Accessories and Supplies
2468,42152216,Dental laboratory soldering machines,42152200,Dental laboratory and sterilization equipment and supplies,42150000,Dental equipment and supplies,42000000,Medical Equipment and Accessories and Supplies
2469,42152217,Dental laboratory vacuum units,42152200,Dental laboratory and sterilization equipment and supplies,42150000,Dental equipment and supplies,42000000,Medical Equipment and Accessories and Supplies
2476,42152303,General dental lights,42152300,Dental lasers and illumination and fiber optic equipment and supplies,42150000,Dental equipment and supplies,42000000,Medical Equipment and Accessories and Supplies
2478,42152476,Endodontic kits,42152400,Dental materials,42150000,Dental equipment and supplies,42000000,Medical Equipment and Accessories and Supplies
2486,42152701,Dental articulators,42152700,Orthodontic and prosthodontic equipment and supplies,42150000,Dental equipment and supplies,42000000,Medical Equipment and Accessories and Supplies
2491,42152722,Orthodontic band drivers or pushers or setters,42152700,Orthodontic and prosthodontic equipment and supplies,42150000,Dental equipment and supplies,42000000,Medical Equipment and Accessories and Supplies
2496,42152901,Attachments or replacement parts for dental instruments,42152900,Dental and subspecialty instrument and device accessories,42150000,Dental equipment and supplies,42000000,Medical Equipment and Accessories and Supplies
2497,42152902,Bands for dental matrix,42152900,Dental and subspecialty instrument and device accessories,42150000,Dental equipment and supplies,42000000,Medical Equipment and Accessories and Supplies
2498,42152907,Dental cutting or separating discs,42152900,Dental and subspecialty instrument and device accessories,42150000,Dental equipment and supplies,42000000,Medical Equipment and Accessories and Supplies
2499,42152912,Dental instrument sharpening accessories,42152900,Dental and subspecialty instrument and device accessories,42150000,Dental equipment and supplies,42000000,Medical Equipment and Accessories and Supplies
2500,42153001,Dental anesthesia sets,42153000,Dental and subspecialty instrument and device sets,42150000,Dental equipment and supplies,42000000,Medical Equipment and Accessories and Supplies
2501,42153002,Dental matrices or sets,42153000,Dental and subspecialty instrument and device sets,42150000,Dental equipment and supplies,42000000,Medical Equipment and Accessories and Supplies
2502,42153004,Dental pressure indicating kits,42153000,Dental and subspecialty instrument and device sets,42150000,Dental equipment and supplies,42000000,Medical Equipment and Accessories and Supplies
2503,42153006,Dental wedges or sets,42153000,Dental and subspecialty instrument and device sets,42150000,Dental equipment and supplies,42000000,Medical Equipment and Accessories and Supplies
2504,42161503,Peritoneal dialysis administration sets,42161500,Peritoneal and equilibrium dialysis equipment and supplies,42160000,Dialysis equipment and supplies,42000000,Medical Equipment and Accessories and Supplies
2508,42171502,Mobile medical services triage tags,42171500,Mobile medical services disaster management products and mobile medical services supplies,42170000,Mobile medical services products,42000000,Medical Equipment and Accessories and Supplies
2509,42171506,Mobile medical services tourniquet or clamp,42171500,Mobile medical services disaster management products and mobile medical services supplies,42170000,Mobile medical services products,42000000,Medical Equipment and Accessories and Supplies
2510,42171603,Mobile medical service anti shock garments,42171600,Mobile medical services extricating and immobilizing and transporting products,42170000,Mobile medical services products,42000000,Medical Equipment and Accessories and Supplies
2511,42171604,Mobile medical services basket stretchers,42171600,Mobile medical services extricating and immobilizing and transporting products,42170000,Mobile medical services products,42000000,Medical Equipment and Accessories and Supplies
2512,42171605,Mobile medical services cinch rescue loops,42171600,Mobile medical services extricating and immobilizing and transporting products,42170000,Mobile medical services products,42000000,Medical Equipment and Accessories and Supplies
2513,42171607,Mobile medical services cervical or extrication collars,42171600,Mobile medical services extricating and immobilizing and transporting products,42170000,Mobile medical services products,42000000,Medical Equipment and Accessories and Supplies
2514,42171608,Mobile medical services head immobilizers,42171600,Mobile medical services extricating and immobilizing and transporting products,42170000,Mobile medical services products,42000000,Medical Equipment and Accessories and Supplies
2515,42171610,Mobile medical services torso immobilizers,42171600,Mobile medical services extricating and immobilizing and transporting products,42170000,Mobile medical services products,42000000,Medical Equipment and Accessories and Supplies
2516,42171611,Mobile medical services litter,42171600,Mobile medical services extricating and immobilizing and transporting products,42170000,Mobile medical services products,42000000,Medical Equipment and Accessories and Supplies
2517,42171613,Mobile medical services spine boards,42171600,Mobile medical services extricating and immobilizing and transporting products,42170000,Mobile medical services products,42000000,Medical Equipment and Accessories and Supplies
2518,42171702,Mobile medical services first aid blankets,42171700,Mobile medical services blankets,42170000,Mobile medical services products,42000000,Medical Equipment and Accessories and Supplies
2519,42171808,Mobile medical services non-suction antichoke devices,42171800,Mobile medical services airway management equipment,42170000,Mobile medical services products,42000000,Medical Equipment and Accessories and Supplies
2520,42171809,Mobile medical services suction antichoke devices,42171800,Mobile medical services airway management equipment,42170000,Mobile medical services products,42000000,Medical Equipment and Accessories and Supplies
2521,42172001,Mobile medical services first aid kits,42172000,Mobile medical services kits,42170000,Mobile medical services products,42000000,Medical Equipment and Accessories and Supplies
2522,42172003,Mobile medical service intravenous IV kits,42172000,Mobile medical services kits,42170000,Mobile medical services products,42000000,Medical Equipment and Accessories and Supplies
2523,42172006,Mobile medical services obstetrics kits,42172000,Mobile medical services kits,42170000,Mobile medical services products,42000000,Medical Equipment and Accessories and Supplies
2524,42172008,Mobile medical services rappel kits,42172000,Mobile medical services kits,42170000,Mobile medical services products,42000000,Medical Equipment and Accessories and Supplies
2525,42172101,Mobile medical services automated external defibrillators AED or hard paddles,42172100,Mobile medical services resuscitation products,42170000,Mobile medical services products,42000000,Medical Equipment and Accessories and Supplies
2526,42172103,Mobile resuscitator or aspirator kits,42172100,Mobile medical services resuscitation products,42170000,Mobile medical services products,42000000,Medical Equipment and Accessories and Supplies
2527,42172104,Mobile medical services cardio pulmonary resuscitation CPR boards,42172100,Mobile medical services resuscitation products,42170000,Mobile medical services products,42000000,Medical Equipment and Accessories and Supplies
2532,42181507,Medical examining mirror headbands,42181500,Diagnostic assessment and exam products for general use,42180000,Patient exam and monitoring products,42000000,Medical Equipment and Accessories and Supplies
2534,42181516,Electromyography EMG units,42181500,Diagnostic assessment and exam products for general use,42180000,Patient exam and monitoring products,42000000,Medical Equipment and Accessories and Supplies
2535,42181522,Gait analysis apparatus,42181500,Diagnostic assessment and exam products for general use,42180000,Patient exam and monitoring products,42000000,Medical Equipment and Accessories and Supplies
2536,42181527,Medical dynamometers,42181500,Diagnostic assessment and exam products for general use,42180000,Patient exam and monitoring products,42000000,Medical Equipment and Accessories and Supplies
2537,42181540,Body plethysmographs,42181500,Diagnostic assessment and exam products for general use,42180000,Patient exam and monitoring products,42000000,Medical Equipment and Accessories and Supplies
2538,42181541,Electromyograph electrodes or sets,42181500,Diagnostic assessment and exam products for general use,42180000,Patient exam and monitoring products,42000000,Medical Equipment and Accessories and Supplies
2542,42181608,Blood pressure measuring instruments accessories,42181600,Blood pressure units and related products,42180000,Patient exam and monitoring products,42000000,Medical Equipment and Accessories and Supplies
2544,42181611,Central venous pressure CVP manometers,42181600,Blood pressure units and related products,42180000,Patient exam and monitoring products,42000000,Medical Equipment and Accessories and Supplies
2546,42181708,Electrocardiography EKG electrode patches,42181700,Electrocardiography EKG units and related products,42180000,Patient exam and monitoring products,42000000,Medical Equipment and Accessories and Supplies
2548,42181713,Holter or wearable EKG monitoring systems or accessories,42181700,Electrocardiography EKG units and related products,42180000,Patient exam and monitoring products,42000000,Medical Equipment and Accessories and Supplies
2550,42181719,Electrocardiography EKG transmitters or telemetry devices,42181700,Electrocardiography EKG units and related products,42180000,Patient exam and monitoring products,42000000,Medical Equipment and Accessories and Supplies
2553,42181902,Intracranial pressure ICP monitoring units,42181900,Acute care monitoring units and related products,42180000,Patient exam and monitoring products,42000000,Medical Equipment and Accessories and Supplies
2554,42181903,Cardiac output CO monitoring units,42181900,Acute care monitoring units and related products,42180000,Patient exam and monitoring products,42000000,Medical Equipment and Accessories and Supplies
2555,42181904,Multiparameter vital sign units,42181900,Acute care monitoring units and related products,42180000,Patient exam and monitoring products,42000000,Medical Equipment and Accessories and Supplies
2556,42182001,Anal or rectal exam speculas,42182000,Scopes and specula and accessories for medical exam diagnostic use,42180000,Patient exam and monitoring products,42000000,Medical Equipment and Accessories and Supplies
2557,42182003,Colposcopes or vaginoscopes,42182000,Scopes and specula and accessories for medical exam diagnostic use,42180000,Patient exam and monitoring products,42000000,Medical Equipment and Accessories and Supplies
2561,42182013,Vaginal exam speculas,42182000,Scopes and specula and accessories for medical exam diagnostic use,42180000,Patient exam and monitoring products,42000000,Medical Equipment and Accessories and Supplies
2562,42182101,Electronic stethoscopes,42182100,Stethoscopes and related products,42180000,Patient exam and monitoring products,42000000,Medical Equipment and Accessories and Supplies
2563,42182102,Hand held dopplers,42182100,Stethoscopes and related products,42180000,Patient exam and monitoring products,42000000,Medical Equipment and Accessories and Supplies
2564,42182103,Medical acoustic stethoscopes,42182100,Stethoscopes and related products,42180000,Patient exam and monitoring products,42000000,Medical Equipment and Accessories and Supplies
2573,42182308,Electroencephalograph EEGs,42182300,Neurological exam products,42180000,Patient exam and monitoring products,42000000,Medical Equipment and Accessories and Supplies
2574,42182311,Neurologic sensors,42182300,Neurological exam products,42180000,Patient exam and monitoring products,42000000,Medical Equipment and Accessories and Supplies
2576,42182314,Biofeedback devices,42182300,Neurological exam products,42180000,Patient exam and monitoring products,42000000,Medical Equipment and Accessories and Supplies
2577,42182315,Electroencephalographic spectrum analyzers,42182300,Neurological exam products,42180000,Patient exam and monitoring products,42000000,Medical Equipment and Accessories and Supplies
2578,42182316,Evoked response detectors,42182300,Neurological exam products,42180000,Patient exam and monitoring products,42000000,Medical Equipment and Accessories and Supplies
2579,42182401,Audiometers,42182400,Hearing testing products,42180000,Patient exam and monitoring products,42000000,Medical Equipment and Accessories and Supplies
2586,42182416,Tympanometers,42182400,Hearing testing products,42180000,Patient exam and monitoring products,42000000,Medical Equipment and Accessories and Supplies
2588,42182601,Freestanding medical exam lights or lamps,42182600,Medical exam lights or lamps,42180000,Patient exam and monitoring products,42000000,Medical Equipment and Accessories and Supplies
2589,42182603,Medical exam or surgical headlights or headlamps,42182600,Medical exam lights or lamps,42180000,Patient exam and monitoring products,42000000,Medical Equipment and Accessories and Supplies
2590,42182604,Medical exam penlights or flashlights,42182600,Medical exam lights or lamps,42180000,Patient exam and monitoring products,42000000,Medical Equipment and Accessories and Supplies
2591,42182701,Goniometers or arthrometers,42182700,Medical exam size measuring devices,42180000,Patient exam and monitoring products,42000000,Medical Equipment and Accessories and Supplies
2595,42182705,Body composition analyzers,42182700,Medical exam size measuring devices,42180000,Patient exam and monitoring products,42000000,Medical Equipment and Accessories and Supplies
2596,42182707,Inclinometers,42182700,Medical exam size measuring devices,42180000,Patient exam and monitoring products,42000000,Medical Equipment and Accessories and Supplies
2603,42183009,Ophthalmic eye test lenses,42183000,Ophthalmic diagnostic exam products,42180000,Patient exam and monitoring products,42000000,Medical Equipment and Accessories and Supplies
2609,42183017,Ophthalmic speculas,42183000,Ophthalmic diagnostic exam products,42180000,Patient exam and monitoring products,42000000,Medical Equipment and Accessories and Supplies
2610,42183018,Ophthalmic tonometers,42183000,Ophthalmic diagnostic exam products,42180000,Patient exam and monitoring products,42000000,Medical Equipment and Accessories and Supplies
2615,42183027,Tangent screen test objects kits,42183000,Ophthalmic diagnostic exam products,42180000,Patient exam and monitoring products,42000000,Medical Equipment and Accessories and Supplies
2619,42183035,Keratometers,42183000,Ophthalmic diagnostic exam products,42180000,Patient exam and monitoring products,42000000,Medical Equipment and Accessories and Supplies
2620,42183037,Chart projectors,42183000,Ophthalmic diagnostic exam products,42180000,Patient exam and monitoring products,42000000,Medical Equipment and Accessories and Supplies
2621,42183040,Opticians tools,42183000,Ophthalmic diagnostic exam products,42180000,Patient exam and monitoring products,42000000,Medical Equipment and Accessories and Supplies
2625,42183046,Binocular vision test sets,42183000,Ophthalmic diagnostic exam products,42180000,Patient exam and monitoring products,42000000,Medical Equipment and Accessories and Supplies
2626,42183050,Nystagmographs,42183000,Ophthalmic diagnostic exam products,42180000,Patient exam and monitoring products,42000000,Medical Equipment and Accessories and Supplies
2627,42183051,Pupilometers,42183000,Ophthalmic diagnostic exam products,42180000,Patient exam and monitoring products,42000000,Medical Equipment and Accessories and Supplies
2628,42183402,Corneal cameras,42183400,Ophthalmic cameras,42180000,Patient exam and monitoring products,42000000,Medical Equipment and Accessories and Supplies
2629,42183403,Fundus cameras,42183400,Ophthalmic cameras,42180000,Patient exam and monitoring products,42000000,Medical Equipment and Accessories and Supplies
2630,42183501,Keratoscopes,42183500,Ophthalmic scopes,42180000,Patient exam and monitoring products,42000000,Medical Equipment and Accessories and Supplies
2631,42183503,Ophthalmic retinoscopes,42183500,Ophthalmic scopes,42180000,Patient exam and monitoring products,42000000,Medical Equipment and Accessories and Supplies
2632,42183504,Ophthalmic retinoscope accessories,42183500,Ophthalmic scopes,42180000,Patient exam and monitoring products,42000000,Medical Equipment and Accessories and Supplies
2636,42191807,Patient care beds for general use,42191800,Patient beds and accessories,42190000,Medical facility products,42000000,Medical Equipment and Accessories and Supplies
2637,42191808,Patient care beds for specialty care,42191800,Patient beds and accessories,42190000,Medical facility products,42000000,Medical Equipment and Accessories and Supplies
2639,42191909,Computerized medication dispensing cabinets,42191900,Clinical cabinetry,42190000,Medical facility products,42000000,Medical Equipment and Accessories and Supplies
2641,42192003,Physical therapy massage tables,42192000,Clinical procedure and examination tables,42190000,Medical facility products,42000000,Medical Equipment and Accessories and Supplies
2642,42192101,Blood drawing or phlebotomy chairs,42192100,Clinical seating and stools and related products,42190000,Medical facility products,42000000,Medical Equipment and Accessories and Supplies
2645,42192203,Geriatric chairs,42192200,Patient transport products,42190000,Medical facility products,42000000,Medical Equipment and Accessories and Supplies
2647,42192207,Patient stretchers,42192200,Patient transport products,42190000,Medical facility products,42000000,Medical Equipment and Accessories and Supplies
2651,42192211,Patient shifting boards,42192200,Patient transport products,42190000,Medical facility products,42000000,Medical Equipment and Accessories and Supplies
2652,42192301,Patient lifts,42192300,Patient lifts and related products,42190000,Medical facility products,42000000,Medical Equipment and Accessories and Supplies
2653,42192302,Clinical hydraulic lifts,42192300,Patient lifts and related products,42190000,Medical facility products,42000000,Medical Equipment and Accessories and Supplies
2654,42192304,Patient ceiling hoists,42192300,Patient lifts and related products,42190000,Medical facility products,42000000,Medical Equipment and Accessories and Supplies
2655,42192401,Emergency or resuscitation carts,42192400,Medical equipment transport and transfer and storage products,42190000,Medical facility products,42000000,Medical Equipment and Accessories and Supplies
2656,42192404,Medical carts,42192400,Medical equipment transport and transfer and storage products,42190000,Medical facility products,42000000,Medical Equipment and Accessories and Supplies
2657,42192409,Cast or splint carts or stands,42192400,Medical equipment transport and transfer and storage products,42190000,Medical facility products,42000000,Medical Equipment and Accessories and Supplies
2658,42192602,Medication or pill dispensers,42192600,Medication dispensing and measuring devices and supplies,42190000,Medical facility products,42000000,Medical Equipment and Accessories and Supplies
2659,42192604,Drug delivery systems,42192600,Medication dispensing and measuring devices and supplies,42190000,Medical facility products,42000000,Medical Equipment and Accessories and Supplies
2660,42192703,Ophthalmic instrument table accessories,42192700,Specialty exam tables and related products,42190000,Medical facility products,42000000,Medical Equipment and Accessories and Supplies
2661,42192802,Needle or blade or sharps disposal containers or carts,42192800,Medical and pharmaceutical biohazard disposal products,42190000,Medical facility products,42000000,Medical Equipment and Accessories and Supplies
2662,42201501,Medical computed tomography CT or CAT stationary units,42201500,Medical computed tomography CT or CAT systems and related products,42200000,Medical diagnostic imaging and nuclear medicine products,42000000,Medical Equipment and Accessories and Supplies
2667,42201601,Medical magnetic resonance imaging MRI stationary units,42201600,Medical magnetic resonance imaging MRI products,42200000,Medical diagnostic imaging and nuclear medicine products,42000000,Medical Equipment and Accessories and Supplies
2676,42201706,Medical ultrasound or doppler or echocardiograph probes,42201700,Medical ultrasound and doppler and echo imaging products,42200000,Medical diagnostic imaging and nuclear medicine products,42000000,Medical Equipment and Accessories and Supplies
2677,42201709,Medical ultrasound or doppler or echocardiograph monitors,42201700,Medical ultrasound and doppler and echo imaging products,42200000,Medical diagnostic imaging and nuclear medicine products,42000000,Medical Equipment and Accessories and Supplies
2678,42201710,Medical ultrasound or doppler or echocardiograph printers,42201700,Medical ultrasound and doppler and echo imaging products,42200000,Medical diagnostic imaging and nuclear medicine products,42000000,Medical Equipment and Accessories and Supplies
2679,42201711,Medical ultrasound or doppler or echocardiograph transducer,42201700,Medical ultrasound and doppler and echo imaging products,42200000,Medical diagnostic imaging and nuclear medicine products,42000000,Medical Equipment and Accessories and Supplies
2680,42201712,Medical ultrasound or doppler or pulse echocardiograph or echocardiograph units for general diagnostic use,42201700,Medical ultrasound and doppler and echo imaging products,42200000,Medical diagnostic imaging and nuclear medicine products,42000000,Medical Equipment and Accessories and Supplies
2681,42201713,Medical ultrasound or doppler or echocardiograph three dimensional components,42201700,Medical ultrasound and doppler and echo imaging products,42200000,Medical diagnostic imaging and nuclear medicine products,42000000,Medical Equipment and Accessories and Supplies
2683,42201724,Medical ultrasound or doppler or echocardiograph transducer accessories,42201700,Medical ultrasound and doppler and echo imaging products,42200000,Medical diagnostic imaging and nuclear medicine products,42000000,Medical Equipment and Accessories and Supplies
2685,42201805,Medical cinefluoroscopy units,42201800,Medical diagnostic x ray products,42200000,Medical diagnostic imaging and nuclear medicine products,42000000,Medical Equipment and Accessories and Supplies
2686,42201806,Medical radiology and fluoroscopy RF units,42201800,Medical diagnostic x ray products,42200000,Medical diagnostic imaging and nuclear medicine products,42000000,Medical Equipment and Accessories and Supplies
2689,42201809,Medical imaging contrast agent injector,42201800,Medical diagnostic x ray products,42200000,Medical diagnostic imaging and nuclear medicine products,42000000,Medical Equipment and Accessories and Supplies
2690,42201810,Medical x ray films or cassettes,42201800,Medical diagnostic x ray products,42200000,Medical diagnostic imaging and nuclear medicine products,42000000,Medical Equipment and Accessories and Supplies
2700,42202006,Gamma bone densitometers,42202000,Medical diagnostic gamma cameras and related products,42200000,Medical diagnostic imaging and nuclear medicine products,42000000,Medical Equipment and Accessories and Supplies
2708,42202701,Radiotherapy teletherapy cobalt 60 units,42202700,Radiotherapy teletherapy products,42200000,Medical diagnostic imaging and nuclear medicine products,42000000,Medical Equipment and Accessories and Supplies
2712,42203402,Diagnostic or interventional vascular catheters for general use,42203400,Vascular imaging and interventional cardiology and cardiac catheterization lab products,42200000,Medical diagnostic imaging and nuclear medicine products,42000000,Medical Equipment and Accessories and Supplies
2713,42203403,Diagnostic or interventional vascular catheter introducers,42203400,Vascular imaging and interventional cardiology and cardiac catheterization lab products,42200000,Medical diagnostic imaging and nuclear medicine products,42000000,Medical Equipment and Accessories and Supplies
2714,42203404,Vascular imaging guidewires,42203400,Vascular imaging and interventional cardiology and cardiac catheterization lab products,42200000,Medical diagnostic imaging and nuclear medicine products,42000000,Medical Equipment and Accessories and Supplies
2715,42203405,Angioplasty balloon catheters,42203400,Vascular imaging and interventional cardiology and cardiac catheterization lab products,42200000,Medical diagnostic imaging and nuclear medicine products,42000000,Medical Equipment and Accessories and Supplies
2716,42203406,Removal devices of diagnostic or interventional vascular catheters,42203400,Vascular imaging and interventional cardiology and cardiac catheterization lab products,42200000,Medical diagnostic imaging and nuclear medicine products,42000000,Medical Equipment and Accessories and Supplies
2717,42203407,Angiography contrast medium delivery sets,42203400,Vascular imaging and interventional cardiology and cardiac catheterization lab products,42200000,Medical diagnostic imaging and nuclear medicine products,42000000,Medical Equipment and Accessories and Supplies
2719,42203414,Vascular filters,42203400,Vascular imaging and interventional cardiology and cardiac catheterization lab products,42200000,Medical diagnostic imaging and nuclear medicine products,42000000,Medical Equipment and Accessories and Supplies
2720,42203501,Cardiac pacemaker generators or cardiac resynchronization therapy pacemakers CRT-P,42203500,Cardiac pacemakers and related products,42200000,Medical diagnostic imaging and nuclear medicine products,42000000,Medical Equipment and Accessories and Supplies
2721,42203601,Digital imaging network DIN system equipment,42203600,Medical radiological imaging information and archiving products,42200000,Medical diagnostic imaging and nuclear medicine products,42000000,Medical Equipment and Accessories and Supplies
2722,42203602,Digital imaging communications in medicine DICOM standard system equipment,42203600,Medical radiological imaging information and archiving products,42200000,Medical diagnostic imaging and nuclear medicine products,42000000,Medical Equipment and Accessories and Supplies
2727,42203707,Medical x ray darkroom accessories,42203700,Medical imaging processing equipment and supplies,42200000,Medical diagnostic imaging and nuclear medicine products,42000000,Medical Equipment and Accessories and Supplies
2735,42204006,Medical radiological shielding freestanding or portable screens or curtains,42204000,Medical radiological shielding and protection products,42200000,Medical diagnostic imaging and nuclear medicine products,42000000,Medical Equipment and Accessories and Supplies
2737,42211501,Canes,42211500,Ambulation and transfer and positioning aids for the physically challenged,42210000,Independent living aids for the physically challenged,42000000,Medical Equipment and Accessories and Supplies
2738,42211502,Crutches,42211500,Ambulation and transfer and positioning aids for the physically challenged,42210000,Independent living aids for the physically challenged,42000000,Medical Equipment and Accessories and Supplies
2740,42211504,Standers or standing cages or standing aids,42211500,Ambulation and transfer and positioning aids for the physically challenged,42210000,Independent living aids for the physically challenged,42000000,Medical Equipment and Accessories and Supplies
2747,42211705,Hearing aid,42211700,Communication aids for the physically challenged,42210000,Independent living aids for the physically challenged,42000000,Medical Equipment and Accessories and Supplies
2762,42221504,Peripherally inserted central catheters PICC,42221500,Intravenous and arterial cannulas and catheters and accessories,42220000,Intravenous and arterial administration products,42000000,Medical Equipment and Accessories and Supplies
2764,42221509,Intravenous or arterial catheter trays,42221500,Intravenous and arterial cannulas and catheters and accessories,42220000,Intravenous and arterial administration products,42000000,Medical Equipment and Accessories and Supplies
2765,42221512,Intravenous catheters,42221500,Intravenous and arterial cannulas and catheters and accessories,42220000,Intravenous and arterial administration products,42000000,Medical Equipment and Accessories and Supplies
2766,42221602,Intravenous or arterial administration port or injection site,42221600,Intravenous and arterial tubing and administration sets and related products,42220000,Intravenous and arterial administration products,42000000,Medical Equipment and Accessories and Supplies
2768,42221604,Intravenous or arterial tubing adapter or connector,42221600,Intravenous and arterial tubing and administration sets and related products,42220000,Intravenous and arterial administration products,42000000,Medical Equipment and Accessories and Supplies
2770,42221701,Intravenous or arterial infusion bags or containers,42221700,Intravenous and arterial infusion bags and containers and related products,42220000,Intravenous and arterial administration products,42000000,Medical Equipment and Accessories and Supplies
2771,42221703,Intravenous or arterial fluid warmers,42221700,Intravenous and arterial infusion bags and containers and related products,42220000,Intravenous and arterial administration products,42000000,Medical Equipment and Accessories and Supplies
2780,42222008,Infusion pump kits,42222000,Intravenous infusion pumps and its analyzers and sensors and its accessories,42220000,Intravenous and arterial administration products,42000000,Medical Equipment and Accessories and Supplies
2781,42222201,Needleless intravenous injection syringe sets or injection cannulas,42222200,Needleless intravenous injection and withdrawal systems,42220000,Intravenous and arterial administration products,42000000,Medical Equipment and Accessories and Supplies
2784,42222302,Blood transfusion filters or screens,42222300,Blood administration and transfusion products,42220000,Intravenous and arterial administration products,42000000,Medical Equipment and Accessories and Supplies
2792,42231808,Feeding bottles,42231800,Formulas and products for nutritional support,42230000,Clinical nutrition,42000000,Medical Equipment and Accessories and Supplies
2793,42231901,Breast pumps,42231900,Breast feeding equipment and accessories and supplies,42230000,Clinical nutrition,42000000,Medical Equipment and Accessories and Supplies
2794,42232001,Tablet crushers,42232000,Tablet crushers and cutters and related products,42230000,Clinical nutrition,42000000,Medical Equipment and Accessories and Supplies
2799,42241703,Knee therapeutic brace or support,42241700,Orthopedic softgoods for lower extremity,42240000,Orthopedic and prosthetic and sports medicine products,42000000,Medical Equipment and Accessories and Supplies
2800,42241705,Leg orthopedic softgoods,42241700,Orthopedic softgoods for lower extremity,42240000,Orthopedic and prosthetic and sports medicine products,42000000,Medical Equipment and Accessories and Supplies
2803,42241709,Post operative shoes,42241700,Orthopedic softgoods for lower extremity,42240000,Orthopedic and prosthetic and sports medicine products,42000000,Medical Equipment and Accessories and Supplies
2821,42251603,Continuous passive motion CPM devices,42251600,Rehabilitation exercise devices and equipment,42250000,Physical and occupational therapy and rehabilitation products,42000000,Medical Equipment and Accessories and Supplies
2824,42251607,Pulleys for rehabilitation or therapy,42251600,Rehabilitation exercise devices and equipment,42250000,Physical and occupational therapy and rehabilitation products,42000000,Medical Equipment and Accessories and Supplies
2825,42251608,Resistive exercise bands or putty or tubing for rehabilitation or therapy,42251600,Rehabilitation exercise devices and equipment,42250000,Physical and occupational therapy and rehabilitation products,42000000,Medical Equipment and Accessories and Supplies
2826,42251610,Therapeutic balls,42251600,Rehabilitation exercise devices and equipment,42250000,Physical and occupational therapy and rehabilitation products,42000000,Medical Equipment and Accessories and Supplies
2828,42251612,Weights or sets for rehabilitation or therapy,42251600,Rehabilitation exercise devices and equipment,42250000,Physical and occupational therapy and rehabilitation products,42000000,Medical Equipment and Accessories and Supplies
2840,42251805,Work table or station for rehabilitation or therapy,42251800,Work hardening equipment for rehabilitation or therapy,42250000,Physical and occupational therapy and rehabilitation products,42000000,Medical Equipment and Accessories and Supplies
2849,42261602,Medical body bags,42261600,Autopsy equipment and supplies,42260000,Postmortem and mortuary equipment and supplies,42000000,Medical Equipment and Accessories and Supplies
2854,42261703,Autopsy tables,42261700,Autopsy furniture,42260000,Postmortem and mortuary equipment and supplies,42000000,Medical Equipment and Accessories and Supplies
2855,42261704,Necropsy tables,42261700,Autopsy furniture,42260000,Postmortem and mortuary equipment and supplies,42000000,Medical Equipment and Accessories and Supplies
2856,42261705,Postmortem animal dissection tables,42261700,Autopsy furniture,42260000,Postmortem and mortuary equipment and supplies,42000000,Medical Equipment and Accessories and Supplies
2866,42262005,Embalming sinks,42262000,Embalming equipment and supplies,42260000,Postmortem and mortuary equipment and supplies,42000000,Medical Equipment and Accessories and Supplies
2870,42271501,Apnea monitors,42271500,Respiratory monitoring products,42270000,Respiratory and anesthesia and resuscitation products,42000000,Medical Equipment and Accessories and Supplies
2871,42271502,Arterial blood gas monitors,42271500,Respiratory monitoring products,42270000,Respiratory and anesthesia and resuscitation products,42000000,Medical Equipment and Accessories and Supplies
2872,42271503,End tidal carbon dioxide monitors,42271500,Respiratory monitoring products,42270000,Respiratory and anesthesia and resuscitation products,42000000,Medical Equipment and Accessories and Supplies
2873,42271505,Respiratory monitoring kits,42271500,Respiratory monitoring products,42270000,Respiratory and anesthesia and resuscitation products,42000000,Medical Equipment and Accessories and Supplies
2874,42271515,Respiratory monitoring kit accessories,42271500,Respiratory monitoring products,42270000,Respiratory and anesthesia and resuscitation products,42000000,Medical Equipment and Accessories and Supplies
2875,42271602,Spirometers,42271600,Pulmonary function testing and treatment products,42270000,Respiratory and anesthesia and resuscitation products,42000000,Medical Equipment and Accessories and Supplies
2879,42271607,Pulmonary functioning tubing,42271600,Pulmonary function testing and treatment products,42270000,Respiratory and anesthesia and resuscitation products,42000000,Medical Equipment and Accessories and Supplies
2888,42271709,Medical nasal cannulas,42271700,Oxygen therapy delivery systems and devices,42270000,Respiratory and anesthesia and resuscitation products,42000000,Medical Equipment and Accessories and Supplies
2889,42271710,Medical nasal oxygen catheters or catheterization kits,42271700,Oxygen therapy delivery systems and devices,42270000,Respiratory and anesthesia and resuscitation products,42000000,Medical Equipment and Accessories and Supplies
2894,42271718,Oxygen therapy delivery system products,42271700,Oxygen therapy delivery systems and devices,42270000,Respiratory and anesthesia and resuscitation products,42000000,Medical Equipment and Accessories and Supplies
2895,42271719,Oxygen insufflators,42271700,Oxygen therapy delivery systems and devices,42270000,Respiratory and anesthesia and resuscitation products,42000000,Medical Equipment and Accessories and Supplies
2897,42271802,Nebulizers,42271800,Respiratory humidity and aerosol therapy products,42270000,Respiratory and anesthesia and resuscitation products,42000000,Medical Equipment and Accessories and Supplies
2901,42271907,Respiratory aspirator products,42271900,Airway management products,42270000,Respiratory and anesthesia and resuscitation products,42000000,Medical Equipment and Accessories and Supplies
2905,42271912,Nasopharyngeal tubes or airways,42271900,Airway management products,42270000,Respiratory and anesthesia and resuscitation products,42000000,Medical Equipment and Accessories and Supplies
2908,42272001,Intubation laryngoscopes,42272000,Intubation supplies,42270000,Respiratory and anesthesia and resuscitation products,42000000,Medical Equipment and Accessories and Supplies
2913,42272017,Intubator components,42272000,Intubation supplies,42270000,Respiratory and anesthesia and resuscitation products,42000000,Medical Equipment and Accessories and Supplies
2919,42272205,Intensive care ventilators,42272200,Positive mechanical pressure ventilators and accessories,42270000,Respiratory and anesthesia and resuscitation products,42000000,Medical Equipment and Accessories and Supplies
2924,42272303,Resuscitation masks,42272300,Resuscitation supplies,42270000,Respiratory and anesthesia and resuscitation products,42000000,Medical Equipment and Accessories and Supplies
2926,42272501,Gas anesthesia apparatus or machines,42272500,Anesthesia apparatus and accessories and supplies,42270000,Respiratory and anesthesia and resuscitation products,42000000,Medical Equipment and Accessories and Supplies
2927,42272503,Anesthesia inhalers or inhaler units,42272500,Anesthesia apparatus and accessories and supplies,42270000,Respiratory and anesthesia and resuscitation products,42000000,Medical Equipment and Accessories and Supplies
2928,42281501,Chemical or gas sterilizers,42281500,Autoclave and sterilizer equipment and accessories,42280000,Medical cleaning and sterilization products,42000000,Medical Equipment and Accessories and Supplies
2929,42281502,Dry heat or hot air sterilizers,42281500,Autoclave and sterilizer equipment and accessories,42280000,Medical cleaning and sterilization products,42000000,Medical Equipment and Accessories and Supplies
2930,42281508,Steam autoclaves or sterilizers,42281500,Autoclave and sterilizer equipment and accessories,42280000,Medical cleaning and sterilization products,42000000,Medical Equipment and Accessories and Supplies
2931,42281515,Sterilization cabinets,42281500,Autoclave and sterilizer equipment and accessories,42280000,Medical cleaning and sterilization products,42000000,Medical Equipment and Accessories and Supplies
2932,42281521,Sterilization sets,42281500,Autoclave and sterilizer equipment and accessories,42280000,Medical cleaning and sterilization products,42000000,Medical Equipment and Accessories and Supplies
2933,42281531,Ultraviolet sterilizers,42281500,Autoclave and sterilizer equipment and accessories,42280000,Medical cleaning and sterilization products,42000000,Medical Equipment and Accessories and Supplies
2934,42281803,Sterilization biological kits,42281800,Sterilization indicators and controls,42280000,Medical cleaning and sterilization products,42000000,Medical Equipment and Accessories and Supplies
2935,42281806,Sterilization indicator strips,42281800,Sterilization indicators and controls,42280000,Medical cleaning and sterilization products,42000000,Medical Equipment and Accessories and Supplies
2936,42281810,Sterilization test packs,42281800,Sterilization indicators and controls,42280000,Medical cleaning and sterilization products,42000000,Medical Equipment and Accessories and Supplies
2937,42281905,Sterilization heat sealers,42281900,Sterilization wraps and packaging supplies,42280000,Medical cleaning and sterilization products,42000000,Medical Equipment and Accessories and Supplies
2938,42282001,Automated endoscope reprocessor systems AERs,42282000,Instrument cleaning devices and accessories,42280000,Medical cleaning and sterilization products,42000000,Medical Equipment and Accessories and Supplies
2939,42282010,Medical equipment and instrument disinfectant washing equipment,42282000,Instrument cleaning devices and accessories,42280000,Medical cleaning and sterilization products,42000000,Medical Equipment and Accessories and Supplies
2940,42282017,Ultrasonic cleaning equipment,42282000,Instrument cleaning devices and accessories,42280000,Medical cleaning and sterilization products,42000000,Medical Equipment and Accessories and Supplies
2947,42291607,Surgical curettes or loops or curette sets,42291600,Surgical cutting instruments and snares and related products,42290000,Surgical products,42000000,Medical Equipment and Accessories and Supplies
2949,42291611,Surgical rasps or files,42291600,Surgical cutting instruments and snares and related products,42290000,Surgical products,42000000,Medical Equipment and Accessories and Supplies
2951,42291613,Surgical scalpels or knives or blades or trephines,42291600,Surgical cutting instruments and snares and related products,42290000,Surgical products,42000000,Medical Equipment and Accessories and Supplies
2954,42291621,Finger ring removers or cutters,42291600,Surgical cutting instruments and snares and related products,42290000,Surgical products,42000000,Medical Equipment and Accessories and Supplies
2955,42291627,Surgical burr,42291600,Surgical cutting instruments and snares and related products,42290000,Surgical products,42000000,Medical Equipment and Accessories and Supplies
2956,42291635,Surgical trocars for general use,42291600,Surgical cutting instruments and snares and related products,42290000,Surgical products,42000000,Medical Equipment and Accessories and Supplies
2957,42291701,Surgical hand or twist drills or drill kits,42291700,Surgical hand drills and reamers and puncturing instruments and accessories and related products,42290000,Surgical products,42000000,Medical Equipment and Accessories and Supplies
2958,42291713,Surgical punches or punch holders,42291700,Surgical hand drills and reamers and puncturing instruments and accessories and related products,42290000,Surgical products,42000000,Medical Equipment and Accessories and Supplies
2959,42291802,Surgical clamps or clips or forceps,42291800,Surgical clamps and forceps and surgical ligators and related instruments,42290000,Surgical products,42000000,Medical Equipment and Accessories and Supplies
2964,42292402,Surgical drivers,42292400,Surgical taps and drivers and related products,42290000,Surgical products,42000000,Medical Equipment and Accessories and Supplies
2967,42292601,Surgical dilators,42292600,Surgical dilators and probes and grooves and related products,42290000,Surgical products,42000000,Medical Equipment and Accessories and Supplies
2971,42292903,Surgical needle holders,42292900,Suture and surgical tissue closure instruments and related products,42290000,Surgical products,42000000,Medical Equipment and Accessories and Supplies
2974,42293001,Surgical calipers or rulers or protractors,42293000,Surgical measuring devices and related products,42290000,Surgical products,42000000,Medical Equipment and Accessories and Supplies
2976,42293104,Surgical mouth gags,42293100,Surgical retractors and related products,42290000,Surgical products,42000000,Medical Equipment and Accessories and Supplies
2977,42293107,Surgical retractors,42293100,Surgical retractors and related products,42290000,Surgical products,42000000,Medical Equipment and Accessories and Supplies
2978,42293303,Surgical speculas,42293300,Surgical distraction and compression and combination instruments and related product,42290000,Surgical products,42000000,Medical Equipment and Accessories and Supplies
2979,42293304,Surgical spreaders,42293300,Surgical distraction and compression and combination instruments and related product,42290000,Surgical products,42000000,Medical Equipment and Accessories and Supplies
2980,42293309,Surgical depressors,42293300,Surgical distraction and compression and combination instruments and related product,42290000,Surgical products,42000000,Medical Equipment and Accessories and Supplies
2982,42293414,Introducer or guide pin or guidewire or glidewire or guide rod,42293400,Surgical manipulators and implant positioners and related products,42290000,Surgical products,42000000,Medical Equipment and Accessories and Supplies
2983,42293501,Irrigation or suction handpieces or cannulas or tips or catheters,42293500,Surgical suction and irrigation products,42290000,Surgical products,42000000,Medical Equipment and Accessories and Supplies
2984,42293503,Surgical vacuum extraction devices or curettes or related products,42293500,Surgical suction and irrigation products,42290000,Surgical products,42000000,Medical Equipment and Accessories and Supplies
2985,42293504,Ophthalmic irrigation or aspiration supplies,42293500,Surgical suction and irrigation products,42290000,Surgical products,42000000,Medical Equipment and Accessories and Supplies
2986,42293509,Surgical irrigation sets,42293500,Surgical suction and irrigation products,42290000,Surgical products,42000000,Medical Equipment and Accessories and Supplies
2987,42293515,Medical or surgical suction tubings,42293500,Surgical suction and irrigation products,42290000,Surgical products,42000000,Medical Equipment and Accessories and Supplies
2988,42293522,Medical or surgical suction or vacuum appliances,42293500,Surgical suction and irrigation products,42290000,Surgical products,42000000,Medical Equipment and Accessories and Supplies
2989,42293523,Medical or surgical suction sets or kits,42293500,Surgical suction and irrigation products,42290000,Surgical products,42000000,Medical Equipment and Accessories and Supplies
2990,42293603,Surgical sounds,42293600,Surgical bougies and sounds and related products,42290000,Surgical products,42000000,Medical Equipment and Accessories and Supplies
2992,42294203,General surgical instrument sets,42294200,Surgical instrument sets and systems,42290000,Surgical products,42000000,Medical Equipment and Accessories and Supplies
2993,42294206,Ophthalmic surgery instrument sets,42294200,Surgical instrument sets and systems,42290000,Surgical products,42000000,Medical Equipment and Accessories and Supplies
2994,42294212,Urological surgical instrument sets,42294200,Surgical instrument sets and systems,42290000,Surgical products,42000000,Medical Equipment and Accessories and Supplies
2995,42294214,Tracheotomy surgical instrument sets,42294200,Surgical instrument sets and systems,42290000,Surgical products,42000000,Medical Equipment and Accessories and Supplies
2996,42294401,Vein harvest kits or systems,42294400,Vascular and cardiac systems,42290000,Surgical products,42000000,Medical Equipment and Accessories and Supplies
2999,42294509,Needles or cystomes for ophthalmic surgery,42294500,Ophthalmic specialty instruments and related products,42290000,Surgical products,42000000,Medical Equipment and Accessories and Supplies
3000,42294511,Ophthalmic surgical knives or blades,42294500,Ophthalmic specialty instruments and related products,42290000,Surgical products,42000000,Medical Equipment and Accessories and Supplies
3001,42294516,Eye holders,42294500,Ophthalmic specialty instruments and related products,42290000,Surgical products,42000000,Medical Equipment and Accessories and Supplies
3003,42294520,Ophthalmic lens holder,42294500,Ophthalmic specialty instruments and related products,42290000,Surgical products,42000000,Medical Equipment and Accessories and Supplies
3006,42294533,Ophthalmic lachrymal probes,42294500,Ophthalmic specialty instruments and related products,42290000,Surgical products,42000000,Medical Equipment and Accessories and Supplies
3007,42294537,Scleral shells,42294500,Ophthalmic specialty instruments and related products,42290000,Surgical products,42000000,Medical Equipment and Accessories and Supplies
3009,42294701,Heart and lung machines,42294700,Open heart perfusion equipment and monitors and accessories and related products,42290000,Surgical products,42000000,Medical Equipment and Accessories and Supplies
3010,42294702,Intraaortic balloon pumps,42294700,Open heart perfusion equipment and monitors and accessories and related products,42290000,Surgical products,42000000,Medical Equipment and Accessories and Supplies
3011,42294712,Perfusion oxygen or hematocrit saturation monitors,42294700,Open heart perfusion equipment and monitors and accessories and related products,42290000,Surgical products,42000000,Medical Equipment and Accessories and Supplies
3012,42294713,Perfusion oxygenators,42294700,Open heart perfusion equipment and monitors and accessories and related products,42290000,Surgical products,42000000,Medical Equipment and Accessories and Supplies
3013,42294903,Endoscopic aspiration or biopsy needles,42294900,Endoscopic instruments,42290000,Surgical products,42000000,Medical Equipment and Accessories and Supplies
3014,42294907,Endoscopic cytology or microbiology brushes,42294900,Endoscopic instruments,42290000,Surgical products,42000000,Medical Equipment and Accessories and Supplies
3015,42294908,Endoscopic clamp or dissector or grasper or forceps,42294900,Endoscopic instruments,42290000,Surgical products,42000000,Medical Equipment and Accessories and Supplies
3016,42294909,Endoscopic dilators or inflation devices,42294900,Endoscopic instruments,42290000,Surgical products,42000000,Medical Equipment and Accessories and Supplies
3017,42294913,Endoscopic hemostatic balloons or needles or tubes or accessories,42294900,Endoscopic instruments,42290000,Surgical products,42000000,Medical Equipment and Accessories and Supplies
3018,42294914,Endoscopic instrument sets,42294900,Endoscopic instruments,42290000,Surgical products,42000000,Medical Equipment and Accessories and Supplies
3019,42294927,Endoscopic instrument packs or trays or kits,42294900,Endoscopic instruments,42290000,Surgical products,42000000,Medical Equipment and Accessories and Supplies
3020,42294930,Endoscopic snares or snare wires,42294900,Endoscopic instruments,42290000,Surgical products,42000000,Medical Equipment and Accessories and Supplies
3021,42294933,Endoscopic suction or irrigation tips or coagulation probes,42294900,Endoscopic instruments,42290000,Surgical products,42000000,Medical Equipment and Accessories and Supplies
3022,42294972,Endoscopic or surgical light sources,42294900,Endoscopic instruments,42290000,Surgical products,42000000,Medical Equipment and Accessories and Supplies
3023,42295001,Endoscope maintenance units,42295000,Endoscopic equipment accessories and related products,42290000,Surgical products,42000000,Medical Equipment and Accessories and Supplies
3024,42295004,Endoscopic equipment or procedure carts,42295000,Endoscopic equipment accessories and related products,42290000,Surgical products,42000000,Medical Equipment and Accessories and Supplies
3025,42295005,Endoscopic equipment sets,42295000,Endoscopic equipment accessories and related products,42290000,Surgical products,42000000,Medical Equipment and Accessories and Supplies
3027,42295105,Instrument tables for surgical or obstetrical delivery use,42295100,Surgical equipment and accessories and related products,42290000,Surgical products,42000000,Medical Equipment and Accessories and Supplies
3028,42295106,Lap mayo trays or mayo stands for surgical use,42295100,Surgical equipment and accessories and related products,42290000,Surgical products,42000000,Medical Equipment and Accessories and Supplies
3029,42295108,Operating room patient fracture tables or orthopedic tables,42295100,Surgical equipment and accessories and related products,42290000,Surgical products,42000000,Medical Equipment and Accessories and Supplies
3030,42295111,Operating room patient positioning devices for general use,42295100,Surgical equipment and accessories and related products,42290000,Surgical products,42000000,Medical Equipment and Accessories and Supplies
3031,42295112,Operating room patient procedure tables,42295100,Surgical equipment and accessories and related products,42290000,Surgical products,42000000,Medical Equipment and Accessories and Supplies
3032,42295114,Phacoemulsification or extrusion or vitrectomy equipment for ophthalmic surgery,42295100,Surgical equipment and accessories and related products,42290000,Surgical products,42000000,Medical Equipment and Accessories and Supplies
3033,42295119,Surgical lasers,42295100,Surgical equipment and accessories and related products,42290000,Surgical products,42000000,Medical Equipment and Accessories and Supplies
3034,42295120,Surgical lithotripters,42295100,Surgical equipment and accessories and related products,42290000,Surgical products,42000000,Medical Equipment and Accessories and Supplies
3035,42295121,Surgical microscopes or loupes or magnifiers,42295100,Surgical equipment and accessories and related products,42290000,Surgical products,42000000,Medical Equipment and Accessories and Supplies
3036,42295122,Surgical pneumatic or electric tourniquets,42295100,Surgical equipment and accessories and related products,42290000,Surgical products,42000000,Medical Equipment and Accessories and Supplies
3037,42295123,Surgical suction machine or vacuum extractor or ultrasonic surgical aspirator,42295100,Surgical equipment and accessories and related products,42290000,Surgical products,42000000,Medical Equipment and Accessories and Supplies
3038,42295124,Surgical smoke evacuators,42295100,Surgical equipment and accessories and related products,42290000,Surgical products,42000000,Medical Equipment and Accessories and Supplies
3039,42295131,Surgical equipment stands,42295100,Surgical equipment and accessories and related products,42290000,Surgical products,42000000,Medical Equipment and Accessories and Supplies
3041,42295171,General surgical supply set accessories,42295100,Surgical equipment and accessories and related products,42290000,Surgical products,42000000,Medical Equipment and Accessories and Supplies
3042,42295173,Surgical navigation system accessories,42295100,Surgical equipment and accessories and related products,42290000,Surgical products,42000000,Medical Equipment and Accessories and Supplies
3043,42295201,Surgical dermatomes or dermabraders or dermameshers,42295200,Surgical power equipment and accessories and related products,42290000,Surgical products,42000000,Medical Equipment and Accessories and Supplies
3044,42295202,Surgical pneumatic or battery or electric saws or drills or pin drivers,42295200,Surgical power equipment and accessories and related products,42290000,Surgical products,42000000,Medical Equipment and Accessories and Supplies
3045,42295203,Surgical power equipment sets,42295200,Surgical power equipment and accessories and related products,42290000,Surgical products,42000000,Medical Equipment and Accessories and Supplies
3046,42295302,Surgical perfusion cannulas or catheters,42295300,Open heart surgical supplies and accessories and related products,42290000,Surgical products,42000000,Medical Equipment and Accessories and Supplies
3047,42295305,Vascular occluder or ligator,42295300,Open heart surgical supplies and accessories and related products,42290000,Surgical products,42000000,Medical Equipment and Accessories and Supplies
3048,42295419,Surgical nerve stimulators,42295400,Surgical support supplies,42290000,Surgical products,42000000,Medical Equipment and Accessories and Supplies
3050,42295427,Surgical instrument brushes or instrument stylets or instrument wipes,42295400,Surgical support supplies,42290000,Surgical products,42000000,Medical Equipment and Accessories and Supplies
3051,42295440,Endoscopic catheter adapters,42295400,Surgical support supplies,42290000,Surgical products,42000000,Medical Equipment and Accessories and Supplies
3052,42295453,Surgical drains or drain sets,42295400,Surgical support supplies,42290000,Surgical products,42000000,Medical Equipment and Accessories and Supplies
3053,42295473,Urological surgical catheter accessories,42295400,Surgical support supplies,42290000,Surgical products,42000000,Medical Equipment and Accessories and Supplies
3054,42295475,Surgical drain or set accessories,42295400,Surgical support supplies,42290000,Surgical products,42000000,Medical Equipment and Accessories and Supplies
3055,42295527,Implantable intrathecal infusion pumps,42295500,Surgical implants and expanders and extenders and Surgical wires and related products,42290000,Surgical products,42000000,Medical Equipment and Accessories and Supplies
3056,42295552,Ventricular assist devices,42295500,Surgical implants and expanders and extenders and Surgical wires and related products,42290000,Surgical products,42000000,Medical Equipment and Accessories and Supplies
3057,42295912,Coronary stents,42295900,Stents,42290000,Surgical products,42000000,Medical Equipment and Accessories and Supplies
3058,42296302,Angioscopes,42296300,Endoscopes,42290000,Surgical products,42000000,Medical Equipment and Accessories and Supplies
3059,42296305,Bronchoscopes,42296300,Endoscopes,42290000,Surgical products,42000000,Medical Equipment and Accessories and Supplies
3060,42296308,Colonoscopes,42296300,Endoscopes,42290000,Surgical products,42000000,Medical Equipment and Accessories and Supplies
3061,42296311,Cystoscopes or cystourethroscopes,42296300,Endoscopes,42290000,Surgical products,42000000,Medical Equipment and Accessories and Supplies
3062,42296317,Esophagogastroduodenoscopes or gastroduodenoscopes or gastroscopes,42296300,Endoscopes,42290000,Surgical products,42000000,Medical Equipment and Accessories and Supplies
3063,42296323,Laparoscopes or laparoscopic telescopes,42296300,Endoscopes,42290000,Surgical products,42000000,Medical Equipment and Accessories and Supplies
3064,42296328,Nephroscopes,42296300,Endoscopes,42290000,Surgical products,42000000,Medical Equipment and Accessories and Supplies
3065,42296333,Peritoneoscopes,42296300,Endoscopes,42290000,Surgical products,42000000,Medical Equipment and Accessories and Supplies
3066,42296335,Resectoscopes,42296300,Endoscopes,42290000,Surgical products,42000000,Medical Equipment and Accessories and Supplies
3067,42296337,Sigmoidoscopes,42296300,Endoscopes,42290000,Surgical products,42000000,Medical Equipment and Accessories and Supplies
3068,42296406,Endoscopic insufflation or distention units or accessories,42296400,Endoscopic equipment,42290000,Surgical products,42000000,Medical Equipment and Accessories and Supplies
3069,42296407,Endoscopic printers or film or accessories,42296400,Endoscopic equipment,42290000,Surgical products,42000000,Medical Equipment and Accessories and Supplies
3070,42296408,Endoscopic video cameras or recorders or adapters or accessories,42296400,Endoscopic equipment,42290000,Surgical products,42000000,Medical Equipment and Accessories and Supplies
3071,42296409,Endoscopic water bottles or accessories,42296400,Endoscopic equipment,42290000,Surgical products,42000000,Medical Equipment and Accessories and Supplies
3072,42296502,Cryosurgery units,42296500,Cryosurgery instruments and accessories and supplies,42290000,Surgical products,42000000,Medical Equipment and Accessories and Supplies
3075,42312009,Medical staplers for internal use,42312000,Medical tissue closure and related products,42310000,Wound care products,42000000,Medical Equipment and Accessories and Supplies
3076,42312010,Medical staplers for external use,42312000,Medical tissue closure and related products,42310000,Wound care products,42000000,Medical Equipment and Accessories and Supplies
3077,42312018,Skin staple removers or kits,42312000,Medical tissue closure and related products,42310000,Wound care products,42000000,Medical Equipment and Accessories and Supplies
3080,42312202,Suturing kits or trays or packs or sets,42312200,Sutures and related products,42310000,Wound care products,42000000,Medical Equipment and Accessories and Supplies
3081,42312206,Suture needles,42312200,Sutures and related products,42310000,Wound care products,42000000,Medical Equipment and Accessories and Supplies
3082,42312207,Suture removal kits or trays or packs or sets,42312200,Sutures and related products,42310000,Wound care products,42000000,Medical Equipment and Accessories and Supplies
3083,42312208,Suture removers,42312200,Sutures and related products,42310000,Wound care products,42000000,Medical Equipment and Accessories and Supplies
3140,43211708,Computer mouse,43211700,Computer data input devices,43210000,Computer Equipment and Accessories,43000000,Information Technology Broadcasting and Telecommunications
3151,43211721,Punch card reader,43211700,Computer data input devices,43210000,Computer Equipment and Accessories,43000000,Information Technology Broadcasting and Telecommunications
3231,43231518,Process mapping and design software,43231500,Business function specific software,43230000,Software,43000000,Information Technology Broadcasting and Telecommunications
3282,43232510,Geographic information system,43232500,Educational or reference software,43230000,Software,43000000,Information Technology Broadcasting and Telecommunications
3297,43232620,Risk management data and analysis software,43232600,Industry specific software,43230000,Software,43000000,Information Technology Broadcasting and Telecommunications
3308,43232806,Cloud-based management software,43232800,Network management software,43230000,Software,43000000,Information Technology Broadcasting and Telecommunications
3322,43232917,Software defined networking/ virtualization software,43232900,Networking software,43230000,Software,43000000,Information Technology Broadcasting and Telecommunications
3326,43233007,Computer imaging software,43233000,Operating environment software,43230000,Software,43000000,Information Technology Broadcasting and Telecommunications
3331,43233206,Cloud-based protection or security software,43233200,Security and protection software,43230000,Software,43000000,Information Technology Broadcasting and Telecommunications
3349,43233513,Cloud-based data access and sharing software,43233500,Information exchange software,43230000,Software,43000000,Information Technology Broadcasting and Telecommunications
3494,45111815,Audio vidio console,45111800,Video and combination video and audio presentation equipment and hardware and controllers,45110000,Audio and visual presentation and composing equipment,45000000,Printing and Photographic and Audio and Visual Equipment and Supplies
3513,45121601,Camera flashes or lighting,45121600,Camera parts and accessories,45120000,Photographic or filming or video equipment,45000000,Printing and Photographic and Audio and Visual Equipment and Supplies
3514,45121602,Camera tripods,45121600,Camera parts and accessories,45120000,Photographic or filming or video equipment,45000000,Printing and Photographic and Audio and Visual Equipment and Supplies
3515,45121603,Camera lens,45121600,Camera parts and accessories,45120000,Photographic or filming or video equipment,45000000,Printing and Photographic and Audio and Visual Equipment and Supplies
3516,45121606,Camera harnesses,45121600,Camera parts and accessories,45120000,Photographic or filming or video equipment,45000000,Printing and Photographic and Audio and Visual Equipment and Supplies
3517,45121613,Camera enclosures or covers,45121600,Camera parts and accessories,45120000,Photographic or filming or video equipment,45000000,Printing and Photographic and Audio and Visual Equipment and Supplies
3518,45121622,Camera lens cleaners,45121600,Camera parts and accessories,45120000,Photographic or filming or video equipment,45000000,Printing and Photographic and Audio and Visual Equipment and Supplies
3519,45121623,Camera controllers,45121600,Camera parts and accessories,45120000,Photographic or filming or video equipment,45000000,Printing and Photographic and Audio and Visual Equipment and Supplies
3520,45121624,Photography light reflector,45121600,Camera parts and accessories,45120000,Photographic or filming or video equipment,45000000,Printing and Photographic and Audio and Visual Equipment and Supplies
3521,45121628,Camera lens filter,45121600,Camera parts and accessories,45120000,Photographic or filming or video equipment,45000000,Printing and Photographic and Audio and Visual Equipment and Supplies
3522,45121631,Electronic viewfinder,45121600,Camera parts and accessories,45120000,Photographic or filming or video equipment,45000000,Printing and Photographic and Audio and Visual Equipment and Supplies
3553,46151604,Alcohol analyzers,46151600,Security and control equipment,46150000,Law enforcement,46000000,Defense and Law Enforcement and Security and Safety Equipment and Supplies
3635,46181902,Acoustic ear muffs or defenders,46181900,Hearing protectors,46180000,Personal safety and protection,46000000,Defense and Law Enforcement and Security and Safety Equipment and Supplies
3636,46181905,Ear plugs,46181900,Hearing protectors,46180000,Personal safety and protection,46000000,Defense and Law Enforcement and Security and Safety Equipment and Supplies
3676,47101517,Ultraviolet wastewater disinfection equipment,47101500,Water treatment and supply equipment,47100000,Water and wastewater treatment supply and disposal,47000000,Cleaning Equipment and Supplies
3726,47131608,Toilet brush and toilet brush holder,47131600,Brooms and mops and brushes and accessories,47130000,Cleaning and janitorial supplies,47000000,Cleaning Equipment and Supplies
3930,51411605,Glyceryl trinitrate or glyceryltrinitrate or nitroglycerin,51411600,Vasodilator alcohols,51410000,Vasodilators,51000000,Drugs and Pharmaceutical Products
4106,56101702,Filing cabinets or accessories,56101700,Office furniture,56100000,Accommodation furniture,56000000,Furniture and Furnishings
